director_name,director_facebook_likes
James Cameron,11000
Gore Verbinski,563
Sam Mendes,0
Christopher Nolan,22000
Doug Walker,131
Andrew Stanton,475
Sam Raimi,0
Nathan Greno,15
Joss Whedon,0
David Yates,282
Zack Snyder,0
Bryan Singer,0
Marc Forster,395
Andrew Adamson,80
Rob Marshall,252
Barry Sonnenfeld,188
Peter Jackson,0
Marc Webb,464
Ridley Scott,0
Chris Weitz,129
Anthony Russo,94
Peter Berg,532
Colin Trevorrow,365
Shane Black,1000
Tim Burton,13000
Brett Ratner,420
Dan Scanlon,37
Michael Bay,0
Joseph Kosinski,364
John Lasseter,487
Martin Campbell,258
Lee Unkrich,125
McG,368
James Wan,0
J.J. Abrams,14000
Baz Luhrmann,1000
Mike Newell,179
Guillermo del Toro,0
Steven Spielberg,14000
Peter Sohn,113
Mark Andrews,56
Justin Lin,681
Roland Emmerich,776
Robert Zemeckis,0
Lana Wachowski,0
Pete Docter,0
Rob Letterman,11
Jon Favreau,4000
Martin Scorsese,17000
Rob Cohen,357
David Ayer,452
Tom Shadyac,293
Doug Liman,218
Kevin Reynolds,58
Stephen Sommers,208
Rupert Sanders,274
Robert Stromberg,171
Matt Reeves,198
Roland Joffé,596
Carl Rinsch,47
Anthony Russo,94
Mike Mitchell,31
Brad Bird,663
Don Hall,38
Rich Moore,66
Robert Zemeckis,0
Roland Emmerich,776
Dean DeBlois,255
Jonathan Mostow,84
James Gunn,571
Christopher Nolan,22000
Christopher Nolan,22000
Hideaki Anno,28
David Fincher,21000
Matthew Vaughn,905
Francis Lawrence,508
Jon Turteltaub,226
Wolfgang Petersen,249
James Bobin,33
Chris Miller,50
Duncan Jones,0
Alan Taylor,230
Michael Apted,150
Oliver Stone,0
Brad Bird,663
Eric Darnell,35
Shawn Levy,189
Gavin Hood,151
Chris Buck,69
George Miller,750
Ron Howard,2000
Kenneth Branagh,0
Byron Howard,59
Hoyt Yeatman,12
Jonathan Liebesman,473
Christopher McQuarrie,188
Joe Johnston,394
Steve Hickner,58
Jennifer Yuh Nelson,90
M. Night Shyamalan,0
Simon Wells,25
David Bowers,42
Joe Wright,456
Rob Minkoff,50
Lee Tamahori,93
Paul Feig,176
Alessandro Carloni,5
Peter Ramsey,52
Dean Parisot,23
Edward Zwick,380
Dean DeBlois,255
Alex Proyas,295
Richard Donner,503
Ang Lee,0
Jon M. Chu,209
Breck Eisner,42
Hironobu Sakaguchi,6
Peter Weir,608
Bill Condon,386
Louis Leterrier,255
,
Alejandro G. Iñárritu,0
David Soren,13
Paul Greengrass,521
Mark Osborne,54
Peyton Reed,235
Tim Johnson,12
Phillip Noyce,176
Darren Aronofsky,0
Alfonso Cuarón,0
Eric Leighton,0
Matt Birch,0
Tom McGrath,96
Chris Columbus,0
Robert Schwentke,124
Carlos Saldanha,107
Guy Ritchie,0
Paul Verhoeven,719
John McTiernan,323
Tony Gilroy,209
Joel Schumacher,541
John Woo,610
Tim Story,167
Mark Steven Johnson,160
Neill Blomkamp,662
David Twohy,123
José Padilha,294
James L. Brooks,274
James Mangold,446
George Lucas,0
Kirk De Micco,16
Frédéric Forestier,0
Cedric Nicolas-Troyan,19
Roger Donaldson,79
Dave Green,13
Josh Trank,128
Brad Peyton,62
Roger Spottiswoode,55
Steven Soderbergh,0
Michel Gondry,1000
Noam Murro,263
Raja Gosnell,67
Will Finn,6
Jan de Bont,101
Len Wiseman,235
Frank Coraci,153
Michael Mann,0
Bo Welch,34
Ron Clements,63
Christopher Barnard,0
Peter Chelsom,23
Dominic Sena,57
James Cameron,0
Tony Scott,12000
Paul Weitz,80
Adam McKay,285
Chuck Russell,55
Quentin Tarantino,16000
Gary Trousdale,21
Mark Dindal,10
Simon West,165
Stefen Fangmeier,14
Spike Jonze,0
Chris Wedge,77
Florian Henckel von Donnersmarck,207
Peter Hyams,0
Tom Tykwer,670
Pitof,26
Brad Silberling,52
Patrick Hughes,385
Ericson Core,19
Lawrence Guterman,6
Ron Underwood,31
Steve Martino,20
David Mamet,342
Yimou Zhang,611
Ash Brannon,9
Frank Oz,0
Jay Roach,116
Luc Besson,0
Michael Patrick King,127
Bibo Bergeron,10
Sergey Bodrov,44
Wally Pfister,0
Rupert Wyatt,81
Mark Waters,70
John Moore,212
John Lee Hancock,102
Renny Harlin,212
Phil Lord,97
Ben Stiller,0
Tony Bancroft,7
Timur Bekmambetov,335
Walt Becker,12
Dennis Dugan,221
Sydney Pollack,521
Thor Freudenthal,87
Brian De Palma,0
Mick Jackson,81
Alan J. Pakula,79
Kathryn Bigelow,0
John Milius,468
Andrey Konchalovskiy,96
Gary Ross,378
Paul W.S. Anderson,545
Genndy Tartakovsky,266
Kevin Lima,36
Daniel Espinosa,79
Nancy Meyers,278
Roger Allers,28
Neil Burger,168
Jean-Jacques Annaud,218
Sarah Smith,6
Martin Brest,102
Andrew Davis,99
Bob Fosse,189
Tarsem Singh,763
Edgar Wright,1000
Jon Amiel,36
Peter Segal,88
Pete Travis,38
George A. Romero,0
Sylvester Stallone,13000
Todd Phillips,480
Gary Winick,56
Mimi Leder,75
Mike Mitchell,31
Seth Gordon,91
Adam Shankman,163
D.J. Caruso,154
Anthony Minghella,333
Albert Hughes,117
Les Mayfield,10
Joe Pytka,30
Scott Derrickson,301
Ivan Reitman,425
Eric Brevig,40
Kelly Asbury,21
Stephen Hopkins,81
Jonathan Demme,438
Henry Jaglom,69
James Algar,11
Vincent Ward,25
Steven Brill,65
Terry Gilliam,0
Lucile Hadzihalilovic,92
Jonathan Mostow,84
Barry Cook,43
Roger Christian,64
Joe Dante,287
Kevin Costner,0
Antony Hoffman,14
Jacques Perrin,63
Andrés Couturier,0
Cody Cameron,18
John Singleton,309
Oliver Hirschbiegel,101
Des McAnuff,5
Yarrow Cheney,11
Stephen Norrington,45
Pierre Coffin,275
David Kellogg,16
Mike Nichols,0
F. Gary Gray,473
Antoine Fuqua,845
Robert Luketic,126
Gil Kenan,27
Barry Levinson,272
Jerry Zucker,109
Andy Tennant,72
Florent-Emilio Siri,17
Don Bluth,383
Ron Shelton,41
David Pastor,10
Henry Selick,253
Kyle Balda,22
Clay Kaytis,6
Judd Apatow,0
Steve Carr,41
Mel Gibson,0
David Silverman,30
Frank Darabont,0
Betty Thomas,84
Garry Marshall,0
Paul Tibbitt,5
Clark Johnson,69
Cameron Crowe,488
Randall Wallace,130
Jonathan Frakes,906
George Clooney,0
Gary Shore,28
Andrzej Bartkowiak,43
Måns Mårlind,24
Gregory Hoblit,40
Gary McKendry,5
Wych Kaosayananda,8
Mikael Salomon,13
Bobby Farrelly,101
Kerry Conran,14
Michael Caton-Jones,105
Mikael Håfström,101
Phil Alden Robinson,31
David Slade,171
Joseph Ruben,29
Seth MacFarlane,3000
Alejandro Amenábar,448
Kinka Usher,18
Craig Gillespie,44
Rob Bowman,38
Doug Lefler,4
Scott Waugh,76
Lawrence Kasdan,759
Michael Lembeck,54
Tom Hooper,0
Nora Ephron,0
Angelina Jolie Pitt,11000
Clint Eastwood,16000
Larry Charles,119
Stanley Kubrick,0
Will Gluck,87
Glenn Ficarra,43
David S. Goyer,687
Taylor Hackford,138
Michael Lehmann,36
Stuart Beattie,72
Roman Polanski,2000
Frank Miller,436
Baltasar Kormákur,175
Daniel Lee,10
Keenen Ivory Wayans,322
Rob Reiner,0
Marco Schnabel,12
Demian Lichtenstein,11
Josh Gordon,8
Tim Hill,25
David Frankel,64
Brenda Chapman,59
Marc Lawrence,30
Peter Billingsley,0
Wes Ball,47
Ryan Murphy,708
Robert Redford,0
Jay Russell,13
Kenny Ortega,197
David McNally,18
Brian Robbins,48
Brian Levant,32
Steven Zaillian,234
Chris Butler,28
Jon Avnet,50
Sam Fell,18
Kevin Donovan,11
Geoff Murphy,14
David O. Russell,737
Babak Najafi,24
Jean-Pierre Jeunet,0
Graham Annable,7
Griffin Dunne,165
John Pasquin,11
Ruben Fleischer,181
Harold Ramis,11000
Kevin Macdonald,162
Donald Petrie,80
Jorge Blanco,2
Stuart Baird,53
Joel Coen,0
Robert Lorenz,39
Harold Becker,17
Scott Stewart,124
Patrick Gilmore,0
Tony Bill,23
Rod Lurie,37
Walter Hill,394
Akiva Goldsman,167
Harald Zwart,91
Walter Salles,179
Iain Softley,34
David Koepp,192
Uwe Boll,892
Pou-Soi Cheang,3
John Dahl,131
Tim Miller,84
Stephen Herek,65
Peter MacDonald,10
Anthony Hemingway,143
Sean Anders,51
Mark Neveldine,83
John Madden,108
Kevin Bray,10
Mike Gabriel,12
Sam Weisman,39
Jesse Dylan,58
Wayne Wang,61
Gabriele Muccino,125
Tom Dey,9
Jimmy Hayward,39
Alan Parker,317
John Frankenheimer,287
Paul King,17
Akiva Schaffer,82
William Friedkin,607
Kent Alterman,3
Peter Lord,91
Shekhar Kapur,159
Karyn Kusama,45
Ron Maxwell,33
Robert Butler,0
Karey Kirkpatrick,11
Steve Antin,59
Jim Gillespie,13
Francis Ford Coppola,0
Richard Lester,44
Scott Cooper,108
Robert Rodriguez,0
Curtis Hanson,161
Phyllida Lloyd,58
Jay Chandrasekhar,422
Terrence Malick,0
David Dobkin,71
Milos Forman,869
Pierre Morel,180
Paul Hunter,13
Steve Oedekerk,176
John Whitesell,14
George Nolfi,53
Neil Jordan,277
Rawson Marshall Thurber,43
Spike Lee,0
Brian Helgeland,241
Frank Marshall,155
Hideo Nakata,62
Peter Hewitt,12
Joe Roth,148
Bennett Miller,152
Jaume Collet-Serra,174
Andy Fickman,99
James McTeigue,160
Matthew O'Callaghan,5
Angela Robinson,23
Gary Fleder,39
Tommy Wirkola,75
Adrian Lyne,213
Stephen Gaghan,79
Jorge R. Gutiérrez,34
Richard Loncraine,12
Christophe Gans,50
Howard Deutch,41
Jon Hurwitz,22
Steven Quale,77
John Landis,644
Alexander Witt,38
Beeban Kidron,17
Carl Franklin,73
Steven Seagal,0
Danny Boyle,0
Andrew Bergman,31
Barbet Schroeder,58
Peter Webber,73
Andrew Niccol,487
John Carpenter,0
Wes Anderson,0
David Cronenberg,0
John Stockwell,134
David Gordon Green,234
Jim Sheridan,260
Costa-Gavras,333
Patrick Read Johnson,32
Roland Joffé,596
Richard LaGravenese,98
Danny DeVito,0
George Armitage,5
Patrick Lussier,71
James Wong,70
Richard Curtis,628
Chuck Bowman,42
Olivier Megaton,118
Deepa Mehta,375
Warren Beatty,631
Penny Marshall,545
Ted Kotcheff,270
Andrei Tarkovsky,0
Paul Bolger,0
Stephen Frears,350
P.J. Hogan,29
Brad Furman,65
Terence Young,92
David Zucker,119
Denis Villeneuve,777
Thomas Carter,49
Roger Michell,50
Luis Llosa,49
Melville Shavelson,5
Garth Jennings,37
Joel Zwick,38
Russell Mulcahy,85
David R. Ellis,160
Peter Howitt,29
John A. Davis,8
David Lynch,0
Julie Taymor,278
Mathieu Kassovitz,326
John Gray,29
John Schultz,13
Sean Penn,0
Susan Stroman,38
Simon Wincer,23
Billy Bob Thornton,0
Danny Pang,15
George P. Cosmatos,170
Oliver Parker,32
Lawrence Kasanoff,11
Ben Affleck,0
Brian Gibson,13
Norman Ferguson,3
Michael Cimino,517
Paul McGuigan,118
Gus Van Sant,835
Roger Kumble,16
Burr Steers,23
John Hamburg,29
Reginald Hudlin,71
Joseph L. Mankiewicz,311
Barbra Streisand,0
Mark Pellington,89
John Glen,46
Catherine Hardwicke,308
John Herzfeld,17
Annabel Jankel,5
Julie Anne Robinson,30
Evan Goldberg,133
Sngmoo Lee,19
Jamel Debbouze,326
Gordon Chan,4
Asger Leth,20
John G. Avildsen,80
Anne Fletcher,98
Bruce Beresford,78
Sam Taylor-Johnson,456
Ken Kwapis,42
Wes Craven,0
Etan Cohen,164
Nick Cassavetes,415
Nicholas Stoller,89
Mark A.Z. Dippé,20
Cal Brunker,7
Nimród Antal,190
Alejandro Agresti,18
Peter Hedges,54
Paul Weiland,10
Colin Strause,25
Joan Chen,643
Greg Mottola,99
Jake Kasdan,52
Diane Keaton,0
Kelly Makin,6
Stephen Daldry,335
Christian Duguay,18
Justin Chadwick,56
Pat O'Connor,7
Frederik Du Chau,7
Irwin Winkler,34
Joseph Kahn,33
Sofia Coppola,0
Stephen Kay,19
J.A. Bayona,171
Elaine May,124
Dennie Gordon,29
Charles Shyer,14
Ulu Grosbard,22
William Malone,37
Malcolm D. Lee,92
Jerry Jameson,5
Mic Rodgers,7
Christian Alvart,22
Jean-Marie Poiré,8
Marc F. Adler,0
Geoffrey Sax,13
Richard Shepard,47
Peter Ho-Sun Chan,31
Joon-ho Bong,584
Jeff Nathanson,23
S.S. Rajamouli,50
Charles S. Dutton,534
Jonathan Lynn,36
David Carson,18
Kar-Wai Wong,0
Yuefeng Song,0
Norman Jewison,278
David Mirkin,7
Luis Mandoki,43
Lee Daniels,304
Jeb Stuart,11
Steve Miner,49
Paul Thomas Anderson,0
David Leland,2
J Blakeson,5
Ryan Coogler,0
Kirk Jones,52
Ethan Coen,1000
Jennifer Flackett,3
Kevin Smith,0
Christian Ditter,11
Charles Martin Smith,188
Fedor Bondarchuk,35
Irvin Kershner,883
Steve Pink,38
Scott Hicks,96
Chris Rock,0
Wilson Yip,25
Robert Wise,338
Kevin Rodney Sullivan,8
Kevin Munroe,14
Michael Tollin,19
Patrick Tatopoulos,148
Gary David Goldberg,30
Tobe Hooper,365
Alan Poul,16
Luke Greenfield,42
Gil Junger,19
Michael Ritchie,23
Steven E. de Souza,133
Alexandre Aja,192
Michael Rymer,48
Hugh Wilson,37
Mike Hodges,24
Scott Mann,8
Susanna White,24
Chris Carter,251
Tommy O'Haver,13
Peter Landesman,15
Gary Chapman,2
Craig Mazin,82
Allen Hughes,90
Kimble Rendall,0
Peter Yates,170
Lasse Hallström,529
Jean-Marc Vallée,212
Hark Tsui,85
David Ayer,453
Lexi Alexander,189
Ronny Yu,31
Bille August,55
Moustapha Akkad,278
Jean-Paul Rappeneau,22
Joachim Rønning,18
Tony Kaye,194
Ken Scott,31
Hugh Johnson,3
Hayao Miyazaki,6000
George Tillman Jr.,88
Rand Ravich,7
Hugh Hudson,46
Jeremy Degruson,0
Chris Gorak,21
Scott Speer,35
Joe Charbanic,10
Jonathan Hensleigh,36
Danny Cannon,41
Boaz Yakin,132
Richard Marquand,37
Neil Marshall,197
David Wain,136
Jared Hess,100
Rupert Wainwright,9
John Luessenhop,34
Justin Zackham,16
John Gatins,61
Miguel Sapochnik,238
Hyung-rae Shim,26
Don Scardino,35
Tim Robbins,0
Tom Reeve,0
Nanette Burstein,8
Ariel Vromen,34
Lewis Gilbert,43
John Francis Daley,0
J.B. Rogers,6
Michael Sucsy,23
Tom Vaughan,12
Stephen Hillenburg,47
Stig Bergqvist,0
Jason Reitman,655
Alexander Payne,729
Jonathan Levine,129
Rian Johnson,0
Chris Noonan,108
Michael McCullers,5
Forest Whitaker,0
Woody Allen,11000
Peter Lepeniotis,7
Ted Demme,47
William Shatner,0
Steve Box,9
James Gartner,0
Lee Toland Krieger,43
Tim McCanlies,23
Drew Goddard,246
Jason Friedberg,82
Paul Michael Glaser,343
John R. Leonetti,40
Tom Hanks,15000
Kimberly Peirce,108
Liz Friedlander,3
Phil Joanou,21
Shane Acker,30
Martha Coolidge,57
Stephen J. Anderson,15
Troy Miller,14
Tate Taylor,150
Brett Leonard,32
Alister Grierson,24
Nick Hurran,34
Charles Stone III,30
Paul Haggis,549
Kurt Wimmer,110
Jean-François Richet,25
Kevin Hooks,114
Ellory Elkayem,11
Niki Caro,51
Vincenzo Natali,165
Willard Huyck,8
Gavin O'Connor,149
Bruce Hunt,2
Chris Roberts,38
Jee-woon Kim,419
Nick Hamm,6
Andy Cadiff,3
Mike Disa,6
Richard J. Lewis,12
Sergio Leone,0
Niels Arden Oplev,76
Michael Radford,53
Steve Boyum,9
Kaige Chen,45
Corey Yuen,23
Andrew Dominik,181
Li Zhang,0
Laurent Tirard,2
Reinhard Klooss,7
Frédéric Auburtin,18
Olivier Dahan,61
Maksim Fadeev,0
Liliana Cavani,59
Greg Tiernan,5
Elizabeth Banks,0
Edward Norton,0
Ben Falcone,265
Richard Attenborough,0
Don Mancini,64
John Maybury,11
Igor Kovalyov,5
Shinji Aramaki,21
Miguel Arteta,44
James Gray,115
Janusz Kaminski,710
Robert B. Weide,53
Jeff Wadlow,65
Agustín Díaz Yanes,13
Camille Delamarre,11
David Lean,767
Richard Eyre,14
Nicholas Meyer,120
Callie Khouri,144
Sanaa Hamri,43
Todd Graff,650
Philip Kaufman,133
Saul Dibb,10
Walter Murch,181
Richard Linklater,0
E. Elias Merhige,54
Menno Meyjes,43
Jodie Foster,0
Scott Frank,71
Kevin Allen,8
Michael Cristofer,49
Andrew Morahan,5
Bob Rafelson,30
Michael Cohn,2
Alan Shapiro,0
Fernando Meirelles,353
Michael Hoffman,97
Oleg Stepchenko,0
Michael Winterbottom,187
Matt Reeves,198
Michael Pressman,34
Sharon Maguire,11
Charles Herman-Wurmfeld,0
Gabor Csupo,47
Tyler Perry,0
Joe Carnahan,248
John Polson,21
Bernardo Bertolucci,973
Cathy Malkasian,0
John Eng,0
Chris Nahon,20
Fred Wolf,29
Bille Woodruff,23
Victor Salva,108
Mark Helfrich,7
Steve Bendelack,68
Dwight H. Little,27
Guillaume Canet,0
Kirsten Sheridan,59
Richard Fleischer,130
Bob Spiers,14
Damien Dante Wayans,82
John Wells,53
Tim Fywell,3
Nigel Cole,13
Dexter Fletcher,452
Jeremy Leven,19
Sylvain White,41
Troy Nixey,24
Philip G. Atwell,5
Jeff Schaffer,17
Don Michael Paul,70
James Bridges,21
Steve Barron,48
Bill Paxton,0
Richard Kelly,219
Carter Smith,27
John Schlesinger,154
Ringo Lam,17
Bruce McCulloch,54
Patricia Riggen,36
Pascal Chaumeil,8
Jonathan Kaplan,57
Ole Bornedal,30
Richard Benjamin,121
Craig R. Baxley,22
John Hillcoat,214
John Guillermin,71
Marcos Siega,32
Rachel Talalay,54
Jeffrey W. Byrd,2
Atom Egoyan,460
Robert Towne,162
Giuseppe Tornatore,911
Werner Herzog,0
Ben Stassen,4
Jérôme Deschamps,0
Inna Evlannikova,0
Jonathan English,9
Sergey Bondarchuk,27
Teddy Chan,3
Mario Van Peebles,535
Leonard Nimoy,12000
Herbert Ross,71
Bonnie Hunt,597
Neil LaBute,119
Grant Heslov,293
George Gallo,269
Sidney Lumet,0
Douglas McGrath,41
Kevin Spacey,18000
Richard Williams,18
Mary McGuckian,6
Tony Goldwyn,956
Jonathan Newman,3
Michael Dinner,12
Joseph Sargent,114
Jerry Zaks,4
Fred Durst,258
Anne Fontaine,105
Jon Cassar,78
Mira Nair,300
Mel Brooks,0
Russell Crowe,0
Jessie Nelson,24
Christopher Spencer,25
Mike Bigelow,2
Daniel Sackheim,12
Harry Elfont,4
Uli Edel,34
Fred Dekker,87
Brian Trenchard-Smith,53
Blake Edwards,688
Laurence Dunmore,2
Christian Carion,13
David Palmer,21
Rowan Joffe,17
John Curran,43
Juan José Campanella,195
Trey Parker,406
Stuart Gillard,8
Katt Shea,52
Joshua Michael Stern,0
Tomas Alfredson,140
John Duigan,18
Colin Higgins,19
Jim Sonzero,2
Penelope Spheeris,122
Jeff Tremaine,79
Jeannot Szwarc,82
Steve McQueen,0
Thea Sharrock,17
Jon Lucas,24
Aaron Seltzer,64
Robin Budd,2
Ava DuVernay,151
Steve Trenbirth,0
Mennan Yapo,9
Jun Falkenstein,25
Tom McCarthy,310
Takashi Shimizu,70
Gary Nelson,20
Anton Corbijn,210
Gregory Nava,16
John Patrick Shanley,53
Joshua Logan,32
Steve Beck,17
Todd Strauss-Schulson,12
John McNaughton,39
Nelson McCormick,29
Eric Valette,2
Andrew Fleming,26
Michael Spierig,35
Jim Field Smith,14
Thomas Bezucha,15
William Brent Bell,19
Anthony Bell,0
Jessica Bendinger,31
Henry Joost,24
Ed Harris,0
Alfred Hitchcock,13000
Shana Feste,19
Steve Rash,15
Mike Binder,57
Michael J. Bassett,83
Frank Nissen,0
Stephen Chow,0
Peter Hastings,0
Paul Abascal,2
Chris Koch,13
Amy Heckerling,143
Michael Moore,909
George Stevens,126
Billy Ray,53
Mark Mylod,20
James Mather,4
Michael O. Sajbel,6
Charles T. Kanganis,18
Damon Santostefano,4
Bob Clark,84
Dave Borthwick,3
Benson Lee,9
Glen Morgan,17
Mike Leigh,608
Alejandro Monteverde,38
Jonathan Glazer,143
J.C. Chandor,78
Paul Gross,329
Marc Abraham,18
Todd Haynes,162
Mabrouk El Mechri,19
Charlie Kaufman,0
Nancy Walker,42
Angelo Pizzo,14
Matthew Diamond,12
Katsuhiro Ôtomo,78
David Anspaugh,25
Andrew Jarecki,46
Daniel Algrant,3
Jane Clark,23
Mike Barker,5
Wayne Thornley,0
Gnana Rajasekaran,0
Tom Walsh,2
Jonathan Jakubowicz,23
Scott Walker,17
Mark Rosman,15
Rob Hawk,97
Britt Allcroft,2
Alan Yuen,0
Brian Percival,33
Anand Tucker,14
Anthony Mann,75
Michael Dowse,31
Daniel Barnz,33
Emile Ardolino,22
Robert Altman,500
James Schamus,44
Andrew Douglas,15
Ricky Gervais,0
Vic Armstrong,179
Terry Zwigoff,72
Audrey Wells,22
Rick Friedberg,8
Sean McNamara,80
Jody Hill,62
Brandon Camp,7
Kevin Tancharoen,64
Nicholas Hytner,13
Bart Freundlich,38
William A. Fraker,28
John Boorman,128
Courtney Solomon,31
Jeff Kanew,6
István Szabó,109
Matthew Robbins,25
Hal Needham,379
Jeff Nichols,337
Jonathan Teplitzky,6
Michael Haneke,0
Zack Ward,662
Mike Marvin,28
Gregor Jordan,34
Tran Anh Hung,157
Lance Hool,0
Christian Volckman,2
Rodrigo Cortés,89
David Hayter,512
Cory Edwards,19
Terry George,83
Xavier Gens,87
Kasi Lemmons,148
Brian A Miller,32
Matt Dillon,0
George Cukor,165
John Hoffman,9
Kevin Greutert,52
John Fortenberry,12
Erik White,17
Chris Robinson,49
Jason Moore,36
Robert Harmon,11
Trent Cooper,0
Gary Halvorson,11
Antoine Fuqua,847
Nicholas Ray,117
Fede Alvarez,201
Sidney J. Furie,22
Ian Iqbal Rashid,8
Wayne Kramer,47
Rowdy Herrington,9
Jim Goddard,3
Noel Marshall,4
Andrea Di Stefano,30
Guillaume Ivernel,0
Jack Smight,22
Todd Lincoln,57
Howard Zieff,6
Steven Shainberg,30
Julian Jarrold,11
Joe Nussbaum,18
Vadim Perelman,26
Peter Farrelly,137
Michel Hazanavicius,405
Cyrus Nowrasteh,19
Perry Andelin Blake,11
Christian E. Christiansen,26
Sheldon Lettich,23
Diane English,15
Peter Flinth,5
Robert Iscove,7
Peter Kosminsky,7
Nick Gomez,22
Allen Coulter,47
Clare Kilner,6
Josef Rusnak,9
Lance Rivera,3
Ronald Neame,38
Bruce Paltrow,28
Adam Rifkin,89
Susanne Bier,369
Kenneth Johnson,34
James Ivory,133
Jessy Terrero,29
Dany Boon,172
Vicente Amorim,6
Gaspar Noé,929
Jérôme Salle,22
Tommy Lee Jones,0
Jesse Vaughan,10
William Bindley,4
Wayne Beach,7
Gérard Krawczyk,7
James Gunn,571
Udayan Prasad,4
JK Youn,2
Morten Tyldum,77
Andrés Muschietti,127
Gillian Armstrong,44
James Watkins,43
Jim Fall,13
Ric Roman Waugh,29
Michael Dougherty,66
Joel Gallen,11
James Marsh,120
Matt Williams,18
Rob Zombie,0
Dennis Iliadis,29
Rick Rosenthal,28
Denzel Washington,18000
Nicolas Winding Refn,0
Sara Sugarman,10
Juan Carlos Fresnadillo,35
Gina Prince-Bythewood,107
Phil Traill,3
Joe Berlinger,31
Elizabeth Allen Rosenbaum,20
Michael Mayer,15
Martin Weisz,7
John Ottman,83
John Bonito,8
Peter Atencio,10
David Nutter,119
Derek Cianfrance,310
Stephan Elliott,11
Mark L. Lester,73
Tom Green,374
Mike Nawrocki,12
Catherine Owens,0
Douglas Aarniokoski,36
Bryan Barber,16
Lone Scherfig,92
Drew Barrymore,0
Brian Koppelman,34
James Foley,164
Albert Brooks,745
Steve Gomer,9
RZA,561
Mark Piznarski,4
Craig Brewer,153
David Raynr,9
Mort Nathan,2
Dan Curtis,45
Wil Shriner,6
Martin McDonagh,454
Tina Gordon Chism,24
Peter Cattaneo,11
Vicky Jenson,96
Mary Lambert,52
Peter Kassovitz,0
Rodman Flender,6
Katja von Garnier,18
Mark Romanek,132
Brad Anderson,122
Michael Chapman,70
Antonio Banderas,0
Khalil Sullins,5
Fritz Lang,756
Hsiao-Hsien Hou,141
Andrey Zvyagintsev,445
Tony Jaa,0
Ryûhei Kitamura,129
Darrell Roodt,36
Dito Montiel,68
Stefan Ruzowitzky,24
Jake Paltrow,17
Juraj Jakubisko,15
Anthony Silverston,0
Gabe Ibáñez,19
Gerry Lively,93
Daniele Luchetti,6
Tung-Shing Yee,3
Julien Temple,67
Gregory Jacobs,13
Gilles Paquet-Brenner,15
Peter Cousens,5
Lars von Trier,3000
John Blanchard,0
John Cornell,5
Vidhu Vinod Chopra,34
Jamie Blanks,9
Randal Kleiser,116
Rick Famuyiwa,44
Alan Cohn,0
Franco Zeffirelli,160
Tom Holland,85
James Isaac,52
Emilio Estevez,0
Josh Schwartz,90
Julian Schnabel,232
Todd Field,143
Davis Guggenheim,49
Stephen Carpenter,12
James Fargo,109
Alain Resnais,752
Chao-Bin Su,2
Kenneth Lonergan,50
Bo Zenga,10
Danny Leiner,8
Christopher Cain,58
Theodore Melfi,51
Ed Decter,13
Gene Quintano,0
Eric Bress,19
Preston A. Whitmore II,17
Kirk Wong,6
Bronwen Hughes,15
John Lafia,5
Sam Miller,12
Alex Garland,232
Mark Brown,7
Michael Polish,35
Daisy von Scherler Mayer,18
Lenny Abrahamson,412
Bob Saget,799
John Waters,0
Craig Bolotin,7
Mark Christopher,15
Blair Hayes,2
Jez Butterworth,16
Olivier Assayas,107
Patrice Leconte,83
Paul Mazursky,150
Stephen Chbosky,139
Jon Hess,29
Joe Cornish,115
John H. Lee,32
John Stainton,0
Benedek Fliegauf,28
Paul Schrader,261
Stewart Hendler,10
John Cromwell,19
Mark Herman,39
Abel Ferrara,220
Ethan Maniquis,20
George Hickenlooper,60
Je-kyu Kang,16
William Dear,50
Stéphane Aubier,2
John Badham,139
Mike McCoy,16
Mike Judge,406
Tamra Davis,33
Nima Nourizadeh,166
Franklin J. Schaffner,76
John Erick Dowdle,66
David Moreau,0
Christopher Erskin,4
Brian Henson,53
Dan Cutforth,4
Josh Boone,131
Jake Schreier,14
Cheryl Dunye,17
Ernest R. Dickerson,226
Lionel C. Martin,3
Wallace Wolodarsky,32
Nicholas Jarecki,27
Dean Israelite,16
Darnell Martin,67
Scott Alexander,25
Stuart Gordon,216
Christopher Guest,378
Jane Campion,319
Fred Schepisi,40
Antonia Bird,61
Jon Poll,20
Paolo Sorrentino,667
Peter Care,0
Chan-wook Park,0
Ira Sachs,60
Carroll Ballard,19
Takeshi Kitano,0
Marco Kreuzpaintner,7
Lajos Koltai,45
Alan Rudolph,18
Chuan Lu,14
Lijun Sun,0
Takashi Yamazaki,7
Christopher Smith,76
Timothy Hines,0
David Winters,49
Akira Kurosawa,0
Jamie Thraves,2
Mabel Cheung,3
Dan Mazer,11
R.J. Cutler,15
David S. Ward,42
Rob Pritts,5
John Crowley,34
Brendan Malloy,2
Dustin Hoffman,0
Gregory Poirier,5
Simon Curtis,64
Dewey Nicks,4
Philip Saville,10
Tim Blake Nelson,596
William A. Graham,8
Martin Ritt,58
John Turturro,0
Agnieszka Holland,238
David Hackl,43
Giuliano Montaldo,4
Lisa Azuelos,15
Ray Lawrence,10
Karan Johar,160
Ruairi Robinson,7
Jaume Balagueró,57
Jon Kasdan,21
Léa Pool,4
Floyd Mutrux,11
Sajid Khan,0
Dean Wright,0
Eric Lartigau,7
Shintaro Shimosawa,29
Darren Lynn Bousman,163
James DeMonaco,65
Ken Annakin,19
Carol Reed,82
Chuck Sheetz,6
Marcus Raboy,7
Leigh Whannell,482
Michael Schultz,78
Peter Sollett,6
Bob Dolman,7
Greg Coolidge,27
David Lowery,38
Ciarán Foy,11
Salim Akil,70
Olatunde Osunsanmi,58
Leon Ichaso,5
Joseph Zito,17
Patricia Rozema,22
Rob Schmidt,36
Robert Ben Garant,134
Morgan Spurlock,293
Neal Brennan,23
Tuck Tucker,14
Theodore Witcher,28
Joel Edgerton,0
Jim Hanon,2
Michael Patrick Jann,31
Jorma Taccone,434
Jeff Lowell,4
Lorene Scafaria,63
Marcus Dunstan,87
Timothy Björklund,0
François Girard,63
Scott Kalvert,9
Jason Bateman,0
David Schwimmer,0
Allan Arkush,13
Eric Bross,49
Dan Fogelman,102
Jay Duplass,157
Luca Guadagnino,64
John Putch,60
Peter Medak,34
Terence Davies,25
Harley Cokeliss,4
Tom Brady,105
Jason Zada,4
Noah Baumbach,387
Eric Blakeney,3
Rakesh Roshan,53
Derrick Borte,17
Richard Kwietniowski,23
Bob Odenkirk,0
Joshua Seftel,0
Vincent Gallo,787
Claude Chabrol,324
Jon Stewart,593
Bigas Luna,163
Ralph Fiennes,0
Dan Harris,24
Mel Smith,302
Bobcat Goldthwait,800
Jake Scott,26
Alan Metter,3
Rafa Lara,21
Arthur Hiller,71
Michael Meredith,7
Julio DePietro,0
Katherine Dieckmann,8
Kim Farrant,93
Scott Marshall,7
Álex de la Iglesia,275
Andrew Traucki,10
Michael Clancy,0
Robert Adetuyi,8
Kari Skogland,13
Taedong Park,0
Benedikt Erlingsson,4
Gurinder Chadha,98
Jason Connery,110
Vic Sarin,24
Jim Issa,5
William Phillips,3
Andy Garcia,0
Sarik Andreasyan,9
Julian Gilbey,7
Gary Sherman,17
Valeri Milev,6
Stanley Kramer,176
Pedro Almodóvar,0
Gerald Potterton,0
Anurag Basu,116
Kriv Stenders,25
Yash Chopra,147
Floria Sigismondi,50
Ferzan Ozpetek,798
Kris Isacsson,0
Ben Younger,46
Daniel Taplitz,2
Tamara Jenkins,84
Linda Mendoza,17
Hart Bochner,157
Stewart Raffill,12
Hong-jin Na,43
Chatrichalerm Yukol,6
Dario Argento,930
Eric Lavaine,0
Marc Forby,3
Ole Christian Madsen,28
Meiert Avis,0
André Téchiné,25
Emily Young,6
Peter Faiman,4
Martyn Pick,4
Roland Suso Richter,3
Jeremy Sims,8
Maïwenn,236
Joby Harold,8
Ekachai Uekrongtham,3
Mark Rydell,43
David E. Talbert,68
Roger Vadim,35
Nils Gaup,8
Ari Sandel,17
Vondie Curtis-Hall,170
Tom Elkins,14
Woo-Suk Kang,0
John Sayles,407
Vipul Amrutlal Shah,11
Ken Loach,644
Ayan Mukerji,0
Mervyn LeRoy,54
Serdar Akar,11
James Frawley,21
Dan Gilroy,66
Jonathan Dayton,36
Chris Stokes,548
Don Siegel,152
Martin Lawrence,0
Masayuki Ochiai,5
Tom Gormican,19
Ken Shapiro,2
Justin Tipping,2
Peter R. Hunt,13
Doug Atchison,3
Jonas Elmer,3
Mary Harron,126
Erik Canuel,31
Troy Duffy,78
Nicole Holofcener,132
Matty Rich,10
Fina Torres,26
Duke Johnson,26
François Ozon,341
Anna Boden,16
Steve James,23
Michael Winner,136
Tomm Moore,45
John Carney,109
David Jacobson,12
Michael Corrente,30
Edward Hall,0
Keith Gordon,200
Andrew Currie,8
Andrew Wilson,387
Marc Schölermann,3
Robert Moresco,53
Thomas Vinterberg,346
Claudia Llosa,43
Charles Binamé,2
Keith Parmer,2
Ol Parker,21
James Nunn,16
David Webb Peoples,73
Michael Winnick,155
Stanley Tong,7
David Oelhoffen,2
Eli Roth,0
Tony Richardson,62
Charles Robert Carner,18
Russell Holt,0
Claude Miller,27
Sacha Bennett,22
Rodrigo García,127
Jeta Amata,20
Siddharth Anand,5
Vincent Paronnaud,10
Dennis Gansel,23
Daniel Barber,12
Robert Marcarelli,0
Ernie Barbarash,249
Guy Hamilton,82
Jonathan Liebesman,474
Adam Brooks,20
Michael Anderson,23
Don Kempf,0
Matt Bettinelli-Olpin,14
Sharron Miller,0
Aaron Schneider,11
Tom Ford,192
Tony Maylam,6
Mitch Davis,7
Kevin Brodie,0
Lynne Ramsay,159
John Stephenson,0
Tim Chambers,2
Dick Richards,6
Bob Gosse,10
Alex Zamm,43
Spencer Susser,58
Thaddeus O'Sullivan,5
Shari Springer Berman,30
Aleksey German,23
Stephen Milburn Anderson,0
Richard E. Grant,554
David Lam,4
Vladlen Barbe,0
Richard Rich,24
Robert C. Cooper,49
Kim Nguyen,16
Jackie Earle Haley,0
Max Färberböck,4
Arie Posin,3
Damian Nieman,0
Mark Tonderai,13
Ian Fitzgibbon,11
Rachel Perkins,3
Luis Valdez,7
Alan Alda,0
Louis Morneau,38
Caroline Link,11
Sterling Van Wagenen,0
Zal Batmanglij,129
Hans Petter Moland,19
Oren Moverman,38
Ian Sharp,9
Wolfgang Becker,31
Dan O'Bannon,228
George Roy Hill,131
Robert Stevenson,55
Jerome Robbins,34
Gary Hardwick,10
King Vidor,54
Fred Savage,0
Sammo Kam-Bo Hung,472
Rusty Cundieff,38
Dominique Othenin-Girard,2
Jean-Jacques Mantello,0
Risa Bramon Garcia,112
Brian Klugman,49
Matt Piedmont,4
Raymond De Felitta,20
John Michael McDonagh,51
Deb Hagan,0
Zach Cregger,138
Zach Braff,0
Mark Tarlov,3
John Cameron Mitchell,263
Jon Knautz,10
David Atkins,8
Patrick Stettner,5
Sam Peckinpah,541
Michael Crichton,735
Sylvio Tabet,0
Rick Bieber,11
Joey Lauren Adams,781
Fred Zinnemann,160
S.R. Bindler,0
Greg Marcks,9
Perry Lang,17
Jake Goldberger,2
William Kaufman,58
Cédric Klapisch,82
Kate Barker-Froyland,4
Martin Koolhoven,12
Charles Matthau,139
Christopher M. Bessette,0
Prachya Pinkaew,64
Gary Sinyor,0
Ashish R. Mohan,2
Darren Grant,0
Joseph Gordon-Levitt,23000
William Sachs,14
Christophe Barratier,25
Émile Gaudreault,9
James Cox,10
James Toback,56
Aki Kaurismäki,592
Hitoshi Matsumoto,17
Rakeysh Omprakash Mehra,85
Collin Schiffli,4
George Ratliff,3
Shane Meadows,222
Jon Wright,4
Michael McGowan,12
Liv Ullmann,440
Rohan Sippy,4
Dan Trachtenberg,16
David F. Sandberg,26
Stiles White,10
Eugenio Derbez,399
Henry Koster,28
Patty Jenkins,260
Christopher Landon,52
David Gelb,26
Mike Flanagan,59
Nat Faxon,214
George Jackson,0
George Miller,18
Maurice Joyce,0
Robert Duvall,3000
Frank Perry,24
Jesse Peretz,37
Ice Cube,0
Richard Glatzer,25
Michael Curtiz,345
Bruce Malmuth,6
Rob Hedden,6
Harmony Korine,520
Joe Chappelle,13
Mickey Liddell,7
Fred Walton,17
Steve Carver,8
Gonzalo López-Gallego,17
Christine Jeffs,19
Don Coscarelli,152
Michael Tiddes,89
Bill Duke,1000
Frank Borzage,57
Mamoru Hosoda,99
Brian Dannelly,12
Denys Arcand,66
J.S. Cardone,23
Jay Levey,3
Nicholaus Goossen,4
Ronan Chapalain,0
Xavier Beauvois,22
Randall Miller,19
Jerry Belson,3
Dan Rush,7
Michael Cuesta,52
Fenton Bailey,13
Jeremy Saulnier,57
Billy Kent,0
James Manera,0
Feroz Abbas Khan,0
Errol Morris,239
Dennis Hopper,0
Eli Craig,27
Nicholas Fackler,6
Richard Wallace,5
Morgan J. Freeman,204
Matthew Hastings,3
Klaus Menzel,34
Oren Peli,110
Paul Andrew Williams,46
Jim Amatulli,0
William H. Macy,0
Barrett Esposito,0
Vicky Jewson,3
Marc Bennett,3
Mike Mayhall,14
Stanton Barrett,20
Jirí Menzel,44
Fatih Akin,766
Nick Murphy,58
Frank LaLoggia,7
Jeremy Brock,16
Scott Foley,0
Christophe Ali,0
Gabriela Tagliavini,20
Shekar,0
Shona Auerbach,11
Leonard Farlinger,0
Michel Leclerc,3
Analeine Cal y Mayor,4
Tom Kalin,4
Robert Sarkies,0
John Huston,1000
Walter Lang,9
Carlos Saura,98
Andrew Erwin,10
Beto Gómez,5
Mike van Diem,4
Jonas Åkerlund,68
Todd Solondz,377
René Féret,0
Barry Skolnick,0
Johnnie To,143
Mateo Gil,3
Lukas Moodysson,187
Agnieszka Wojtowicz-Vosloo,0
Kabir Sadanand,0
Peter DeLuise,358
Raja Menon,6
Nick Love,63
R. Balki,12
Ivan Engler,0
Cecil B. DeMille,309
Henry Hobson,9
Mike Figgis,81
Duane Journey,2
Billy Wilder,0
Lisa Cholodenko,450
John Sturges,120
William Arntz,0
Ed Gass-Donnelly,8
DJ Pooh,69
James Melkonian,7
Roger Avary,675
Allison Anders,99
Rick de Oliveira,2
Jeff Franklin,24
Mike Mills,101
Dave McKean,21
Ron Fricke,330
Ruggero Deodato,101
Gavin Wiesen,19
Mora Stephens,5
Mars Callahan,60
Leos Carax,227
Stefan Schwartz,13
Robert Lee King,0
Jorge Ramírez Suárez,45
Dan Ireland,137
Fernando León de Aranoa,58
Jim Mickle,53
Karim Aïnouz,19
Sam Levinson,8
Aleksandr Veledinskiy,0
Peter H. Hunt,0
Ruba Nadda,55
Howard Hughes,177
Edward Burns,0
Sean Byrne,18
Mark Griffiths,4
Bruce Macdonald,103
Victor Fleming,149
Richard Raymond,10
Alan Jacobs,2
George Sidney,24
Christopher Morris,69
Andrucha Waddington,6
Peter Stebbings,89
Vincente Minnelli,136
Dagur Kári,29
Jim Abrahams,104
Kevin Carraway,2
Michael Gornick,10
Richard Brooks,174
Robert Eggers,22
Michael Martin,0
Gideon Raff,47
Louis C.K.,0
Anthony C. Ferrante,48
Salvador Carrasco,22
André Øvredal,12
Robert Cary,0
Adam Rapp,9
Warren P. Sonoda,28
Amanda Gusack,0
Avi Nesher,6
Charles Adelman,0
Jay Oliva,41
Charles Ferguson,117
Mark Young,14
Daniel Petrie Jr.,19
Antonio Simoncini,0
Luc Jacquet,10
Eldar Rapaport,0
Clark Gregg,0
Damien Chazelle,141
Justin Kerrigan,8
Nathan Frankowski,19
Karen Moncrieff,22
Jennifer Finnigan,246
Eric Styles,4
Laurent Cantet,39
John Ford,673
Max Mayer,6
Joshua Marston,13
John Gulager,38
Brandon Cronenberg,43
Frank Capra,964
Tod Williams,21
Jack Sholder,28
Ted Post,57
Kunihiko Yuyama,8
Tom McLoughlin,41
Adam Marcus,18
John Maclean,85
Benny Boom,23
Howard Hawks,393
Nnegest Likké,18
Christopher Leitch,4
Patricia Cardoso,15
Damien O'Donnell,70
Peter M. Cohen,0
Mel Stuart,21
Anthony Hickox,16
Tom Schulman,45
Jill Sprecher,11
Darren Stein,18
David Nixon,13
Jason Eisener,59
Enrique Begne,0
Matthew Bright,9
Michael Landon Jr.,84
Andrea Arnold,121
Whit Stillman,89
Leslye Headland,21
Bobby Roth,40
Tim Heidecker,78
Kate Connor,27
Deon Taylor,26
Jason Alexander,700
Conor McPherson,0
Will Canon,8
Philip Zlotorynski,0
Lance Kawas,66
Francesca Gregorini,15
Marcio Garcia,74
Craig Moss,19
Michael Jai White,2000
Paolo Monico,3
Youssef Delara,8
Darin Scott,39
Christian Sesma,9
Monte Hellman,96
Brian Caunter,0
Chris D'Arienzo,7
Isaac Florentine,81
Susan Seidelman,39
Heidi Ewing,4
Leon Ford,18
Hank Braxtan,6
John Carl Buechler,152
Rajkumar Hirani,124
Victor Nunez,9
Rohit Jugraj,2
Thorbjørn Christoffersen,0
Alex van Warmerdam,53
Pawel Pawlikowski,84
Frank Sebastiano,3
Stacy Peralta,147
Nacho Vigalondo,76
Hao Ning,0
Tony Giglio,6
Stanley Donen,134
Joe Cross,65
Dinesh D'Souza,67
Tommy Lee Wallace,24
Don Taylor,11
Leslie Small,15
Éric Tessier,0
Alison Maclean,7
Alice Wu,13
Sarah Gavron,34
Isabel Coixet,148
James Ponsoldt,53
Joshua Tickell,9
Tim Boxell,10
Michael D. Sellers,0
Reed Cowan,0
James Dodson,8
Alex Rivera,8
John Murlowski,20
Benni Diez,2
Danny Perez,0
Robby Henson,9
Zackary Adler,0
Dominic Burns,15
Carmen Marron,29
Jason Stone,14
Jerry Rees,115
Jaco Booyens,37
Danny Steinmann,13
Jon Gunn,16
Hayley Cloake,0
Tay Garnett,10
Shyam Madiraju,0
Harmage Singh Kalirai,11
Rita Merson,5
William Wyler,355
Larry Clark,184
Petter Næss,16
Robert Fontaine,7
Dan Perri,0
Neil Mcenery-West,0
Anthony O'Brien,7
Michael Herz,6
David Robert Mitchell,421
Robert Mulligan,89
Chia-Liang Liu,32
Chris Kentis,9
Alex Kendrick,589
Robert Rossen,31
Jack Conway,6
Sylvain Chomet,162
Chris Eyre,149
Elia Kazan,603
Debra Granik,81
Henry King,85
Miranda July,244
Max Joseph,31
Jim Jarmusch,0
Kevin Tenney,85
Ari Folman,56
Gary Rogers,0
Marielle Heller,22
David Sington,90
Kelly Reichardt,129
Bob Giraldi,34
Huck Botko,10
David Duchovny,0
Mitchell Lichtenstein,53
Lance Mungia,4
Kundan Shah,4
Hue Rhodes,0
Jugal Hansraj,32
Danny Provenzano,84
Bill Muir,19
Noah Buschel,8
Brian Yuzna,97
Hunter Richards,11
Laurie Collyer,38
Aaron Hann,0
Phil Claydon,6
Ralph Ziman,5
John Simpson,0
Colin Minihan,6
Conor McMahon,5
Chris Shadley,0
Simon Napier-Bell,0
Simon Yin,0
Jeff Crook,5
Orson Welles,0
Dave Payne,0
Brad Copeland,8
Paul Bunnell,5
Phil Morrison,17
Harald Reinl,2
Tanner Beard,531
Scott Dow,6
Derick Martini,20000
Jerry Dugan,3
Tim Hunter,28
Richard Ayoade,0
Jehane Noujaim,63
Pascal Arnold,0
Remo,168
John Laing,0
Jamal Hill,47
Daniel Stamm,13
Carlos Carrera,12
Benh Zeitlin,188
J. Lee Thompson,88
Maggie Greenwald,9
Vera Farmiga,0
Vijay Chandar,0
Jonathan Wacks,0
Khyentse Norbu,28
Tony Krantz,15
Mitchell Altieri,9
W.D. Hogan,4
Corey Grant,21
Lucky McKee,75
Richard Boddington,15
David Hunt,0
Steven R. Monroe,68
Mark Illsley,3
Ritesh Batra,25
Sally Potter,87
Brad J. Silverman,11
Dave Meyers,11
David M. Matthews,8
Nadine Labaki,0
Lluís Quílez,0
Eytan Fox,21
Romesh Sharma,0
François Truffaut,0
Adam Goldberg,1000
Travis Zariwny,4
Adrienne Shelly,191
Newt Arnold,15
Alex Cox,92
Fabián Bielinsky,44
Dror Moreh,4
Rebecca Miller,58
Maggie Carey,38
Henry Bean,21
Simeon Rice,6
Jeff Garlin,522
Qasim Basir,13
Adam Green,134
Charles Chaplin,0
Pete Jones,18
Bruce Campbell,0
Adam Carolla,102
Bruce McDonald,49
James Mottern,7
Jaime Zevallos,228
Gerard Johnstone,3
Robert Greenwald,21
David Ray,0
Dave Rodriguez,11
Nae Caranfil,34
David Winning,65
Frank Lotito,5
Timothy Woodward Jr.,764
Tara Subkoff,37
Russell Friedenberg,9
William Cottrell,0
Lucrecia Martel,33
Edward Dmytryk,74
Zak Penn,87
Alex Ranarivelo,20
Mathieu Amalric,412
David Worth,58
Leslie H. Martinson,7
Robert M. Young,0
Steve Buscemi,12000
Ham Tran,5
Rich Cowan,7
Boris Rodriguez,5
Sadyk Sher-Niyaz,135
Paul Donovan,4
Jonathan Kesselman,4
Arjun Sablok,0
Tyler Oliver,0
Douglas Cheek,4
Deryck Broom,11
Henry Hathaway,83
Giovanni Zelko,4
Claudia Sainte-Luce,0
Jamie Babbit,91
David Boyd,29
Anna Muylaert,9
Steve Taylor,14
Kurt Voss,0
James David Pasternak,0
Laurent Bouhnik,0
Tom Sanchez,0
David Caffrey,4
Adam Jay Epstein,0
Justin Thomas Ostensen,0
Brenton Spencer,0
Ossie Davis,282
Jay Alaimo,2
Dylan Bank,0
Rob McKittrick,6
Jeff Burr,155
Harry Gantz,0
Guy Maddin,126
Regardt van den Bergh,12
Panos Cosmatos,22
Gareth Evans,338
Matthew R. Anderson,252
Joe Marino,0
Joel Anderson,0
Shimit Amin,6
Douglas Trumbull,136
Mona Fastvold,2
Levan Gabriadze,6
Bradley Parker,18
Clive Barker,385
Harold Cronk,18
Takao Okawara,2
Duncan Tucker,2
Russ Meyer,199
Robert D. Webb,0
Allan Dwan,23
Andrew Steggall,0
Ben Lewin,20
Robert Kenner,11
Craig Johnson,7
Sean Durkin,46
Gillian Robespierre,9
Courtney Hunt,33
Morgan Neville,9
Chris Paine,2
Greg Berlanti,112
Marc Levin,12
Richard Dutcher,13
Khalid Mohamed,10
Finn Taylor,4
José Luis Valenzuela,0
Gia Coppola,71
Scandar Copti,13
Goran Dukic,21
Mike Cahill,135
Efram Potelle,2
Joshua Oppenheimer,50
Alex Gibney,141
Paul Crowder,10
Rohit Jagessar,0
Anthony Powell,9
Kief Davidson,0
Johnny Remo,74
Vivek Agnihotri,5
Ti West,243
Nick Tomnay,11
Nickolas Perry,5
Dan Zukovic,8
Becky Smith,32
Eric Nicholas,0
Benjamin Dickinson,4
Hal Haberman,0
A. Raven Cruz,0
Frank Whaley,436
Amat Escalante,50
Wajahat Rauf,3
Katherine Brooks,57
David Cross,0
Randall Rubin,0
Robert Bennett,15
Mary Pat Kelly,3
Lori Petty,923
Charlie Levi,0
Kevin Hamedani,23
David DeCoteau,142
Mikel Rueda,0
Stefan C. Schaefer,0
Michael Taliferro,105
Katie Aselton,224
Robert Heath,0
D. Stevens,6
Jeffrey St. Jules,0
Robert Hall,53
K. King,3
Jonathan Meyers,0
Ralph Nelson,17
Blair Erickson,0
Allison Burnett,12
Richard Schenkman,29
Sanjay Rawal,0
Kat Coiro,28
Cristian Mungiu,163
Brian Dorton,171
Maryam Keshavarz,32
Ramaa Mosley,6
C. Jay Cox,6
Mariette Monpierre,0
Tommy Oliver,66
Jamie Travis,15
Rich Christiano,14
Natalie Bible',8
Asghar Farhadi,0
Justin Molotnikov,5
Georg Wilhelm Pabst,21
Daniel Davila,0
Jorge Gaggero,0
Michael Burke,3
Catherine Jelski,0
Shane Dawson,247
Ryan Little,38
Clark Baker,0
Matt Maiellaro,8
Ben Wheatley,214
Oliver Blackburn,4
Christopher Hutson,3
David LaChapelle,30
Caryn Waechter,0
Emily Dell,0
Ryan Fleck,31
Jennifer Wynne Farmer,0
Christopher Scott Cherot,21
H.M. Coakley,0
Randy Moore,13
Chris Atkins,2
Bill Benenson,0
Ryan Smith,4
Travis Romero,4
Anna Mastro,7
Mark Sandrich,10
Daniel Myrick,19
Michael Wadleigh,14
Gene Teigland,0
Scott Ziehl,4
Richard Montoya,12
Johanna Schwartz,0
William Gazecki,3
Lance McDaniel,0
Thomas Lilti,12
Michael Walker,5
U. Roberto Romano,6
Amy Holden Jones,11
Blaz Zavrsnik,0
Pan Nalin,95
Joe Camp,24
Matt Walsh,490
John 'Bud' Cardos,8
Marilyn Agrelo,2
Brian Baugh,3
Patrick Creadon,3
Barry W. Blaustein,6
Kurt Hale,0
Siddiq Barmak,6
Joseph Dorman,0
Greg Harrison,7
Jacob Aaron Estes,9
Eric Schaeffer,71
Neema Barnette,21
Joe Swanberg,217
Molly Bernstein,0
Marius A. Markevicius,6
Tom DiCillo,32
Quentin Dupieux,248
Alex Smith,12
Gareth Edwards,380
Jonathan Parker,0
Sol Tryon,0
Alex Craig Mann,38
Stephen Kijak,3
Daston Kalili,2
Michael Hoffman Jr.,32
Patrick Gilles,0
Georgia Hilton,406
Jack Heller,0
Fernando Baez Mella,0
Warren Sheppard,0
Justin Paul Miller,0
Joel Paul Reisig,431
Catherine Gund,0
Luke Dye,0
Alec Asten,5
Hans Canosa,3
Lloyd Kaufman,365
Matthew Watts,0
Lloyd Bacon,24
Joe Kenemore,0
Kay Pollak,10
Eric England,15
Sue Corcoran,14
Jonathan Caouette,20
Ray Griggs,4
Matt Jackson,0
Lucio Fulci,385
Paul Fox,3
Ari Kirschenbaum,0
Cassandra Nicolaou,0
Ingmar Bergman,0
D.W. Griffith,204
Roger Nygard,3
Harry Beaumont,4
Franck Khalfoun,33
Mor Loushy,0
Henry Alex Rubin,30
Sam Firstenberg,44
Doug Block,0
Chad Kapper,0
Paul Fierlinger,3
Yorgos Lanthimos,252
Lauren Lazin,2
Gregory Widen,10
Niall Johnson,7
Eric Mendelsohn,5
Jean-Luc Godard,0
Florence Ayisi,0
Michael Roemer,0
Eddie O'Flaherty,3
Babar Ahmed,0
John D. Hancock,44
Paul Bartel,43
Bruce Dellis,0
Pece Dingo,0
Jerome Elston Scott,3
Étienne Faure,77
Herb Freed,5
Jack Perez,19
Craig Zobel,25
Ken Del Conte,2
Maria Maggenti,4
Piyush Dinker Pandya,0
Daniel Columbie,0
Emma-Kate Croghan,0
Bill Plympton,45
Drake Doremus,52
Al Franklin,0
Michael Kang,269
Lori Silverbush,5
Stuart Hazeldine,17
Hilary Brougher,0
Rachel Goldenberg,7
Corbin Bernsen,1000
Jamin Winans,63
Tom Seidman,3
Jason Naumann,2
Matt Cimber,32
Sam Martin,0
Andrew Hyatt,7
Kristin Rizzo,30
Ward Roberts,12
Zoran Lisinac,0
James O'Brien,7
Tom Putnam,15
Jon Shear,0
Al Silliman Jr.,0
Eugène Lourié,7
Lowell Sherman,16
Maurizio Benazzo,0
David G. Evans,0
Sherman Alexie,18
Justin Dillon,0
Stevan Mena,25
Livingston Oden,0
Chris Marker,121
Carl Theodor Dreyer,147
Marianna Palka,123
Ricki Stern,15
Nadia Tass,20
James Kerwin,0
C. Fraser Press,0
Rania Attieh,0
Sharon Greytak,0
Majid Majidi,373
Andrew Haigh,131
Cary Bell,0
Nicolae Constantin Tanase,0
Melvin Van Peebles,101
Ken Roht,0
Robinson Devor,14
Michel Orion Scott,0
Pat Holden,6
Eric Bugbee,0
Bill Melendez,36
Dena Seidel,0
Deborah Anderson,4
Sara Newens,0
Sai Varadan,0
Amal Al-Agroobi,58
Andrew Berends,0
Lynn Shelton,100
Valentine,0
David Hewlett,686
Nate Parker,664
Nathan Smith Jones,7
Travis Cluff,3
Harry F. Millarde,0
Robert Townsend,467
Jamaa Fanaka,9
Larry Blamire,56
Stephen Langford,7
E.L. Katz,3
Lisanne Pajot,0
Dan Reed,3
John Reinhardt,2
Patrick Ryan Sims,0
Laslo Benedek,6
Jason Miller,0
Sut Jhally,3
Julie Davis,12
Myles Berkowitz,0
Brett Piper,7
Brandon Trost,32
Joseph Green,2
Wade Gasque,0
Daniel Schechter,8
Matt Johnson,8
Bruno Barreto,9
Lena Dunham,969
Terron R. Parsons,9
Daniel Mellitz,0
Jem Cohen,6
Andrew Leman,2
Dave Carroll,0
William Eubank,18
Patrick Meaney,3
Chad Hartigan,3
Malcolm Goodwin,117
Kevin Jordan,4
Kirk Loudon,0
Travis Legge,138
Collin Joseph Neal,14
Bradley Rust Gray,2
Mike Bruce,6
Andrew Bujalski,26
Damir Catic,2
James Bidgood,0
Eric Eason,3
Joseph Mazzella,0
Marcus Nispel,158
Brandon Landers,8
Jim Chuchu,0
Daryl Wein,38
Jason Trost,91
Jafar Panahi,397
Ivan Kavanagh,18
Kiyoshi Kurosawa,62
Tadeo Garcia,5
Thomas L. Phillips,120
Ash Baron-Cohen,3
Shane Carruth,291
Neill Dela Llana,0
Anthony Vallone,2
Scott Smith,2
Benjamin Roberds,0
Daniel Hsia,0
